"00:1a:dd:e3:06:e4"," afikim-wifi"," 2"," -60.89666029461374"," 32.102529803081474"," 35.2073198916877"," 699.8860444903257"," 2017-12-03 08:37:10"
"d8:fe:e3:03:5a:31"," Moria"," 2"," -80.34487011485393"," 32.10253058643105"," 35.2073073810576"," 699.7521498395156"," 2017-12-03 08:37:10"
"00:27:19:e3:2d:fe"," AUC_51_3"," 1"," -85.99999999999999"," 32.10253330333696"," 35.20726399020641"," 699.287760530489"," 2017-12-03 08:37:10"
"00:25:86:cc:00:f8"," AUC_54_R"," 4"," -80.19720263994564"," 32.10365113349192"," 35.20818644933491"," 693.5284770660687"," 2017-12-03 08:37:10"
"14:ae:db:32:52:12"," surikat"," 1"," -89.0"," 32.10253330333696"," 35.20726399020641"," 699.287760530489"," 2017-12-03 08:37:10"
"1c:b9:c4:16:f1:98"," Ariel_University"," 13"," -81.43319543174103"," 32.10243584507859"," 35.20917832093937"," 696.9672559270076"," 2017-12-03 08:37:10"
"34:0b:01:19:21:42"," afikim-wifi"," 1"," -91.00000000000001"," 32.10253330333696"," 35.20726399020641"," 699.287760530489"," 2017-12-03 08:37:10"
"a0:4f:d4:3b:e9:01"," Lidor a"," 1"," -84.0"," 32.102528187003614"," 35.20734570155965"," 700.1622738859833"," 2017-12-03 08:37:13"
"14:ae:db:3a:64:05"," tanya"," 1"," -85.99999999999999"," 32.102528187003614"," 35.20734570155965"," 700.1622738859833"," 2017-12-03 08:37:13"
"10:be:f5:3b:68:2c"," Hagar"," 1"," -87.0"," 32.102528187003614"," 35.20734570155965"," 700.1622738859833"," 2017-12-03 08:37:13"
"1c:b9:c4:16:f4:7c"," Ariel_University"," 9"," -86.09959964718657"," 32.102837741930934"," 35.20869358738605"," 700.1919330033965"," 2017-12-03 08:37:13"
"ec:8c:a2:08:a9:38"," Ariel_University"," 2"," -84.21055574973786"," 32.10276968784859"," 35.207536172161696"," 695.1730814282531"," 2017-12-03 08:37:13"
"00:21:04:4c:2a:a2"," Yan"," 1"," -89.0"," 32.102528187003614"," 35.20734570155965"," 700.1622738859833"," 2017-12-03 08:37:13"
"a0:4f:d4:3a:a0:e1"," Cellcom-WiFi_0123"," 1"," -89.0"," 32.102528187003614"," 35.20734570155965"," 700.1622738859833"," 2017-12-03 08:37:13"
"ec:8c:a2:08:94:1c"," Ariel_University"," 22"," -76.61116017984604"," 32.10316973761372"," 35.20867929632029"," 703.0997174602144"," 2017-12-03 08:37:13"
"ec:8c:a2:08:94:18"," Ariel_University"," 17"," -71.54594444871282"," 32.10304955593124"," 35.208826080529384"," 691.9886411634966"," 2017-12-03 08:37:15"
"d0:0f:6d:f1:35:2f"," Sveta"," 1"," -84.99999999999999"," 32.10251814263996"," 35.20734901460898"," 698.9056862429085"," 2017-12-03 08:37:15"
"a0:ab:1b:59:55:54"," ear"," 1"," -84.99999999999999"," 32.10251814263996"," 35.20734901460898"," 698.9056862429085"," 2017-12-03 08:37:15"
"b0:48:7a:a1:80:8c"," Knoch"," 1"," -85.99999999999999"," 32.10251814263996"," 35.20734901460898"," 698.9056862429085"," 2017-12-03 08:37:15"
"10:be:f5:39:8f:f2"," LARISA"," 1"," -85.99999999999999"," 32.10251814263996"," 35.20734901460898"," 698.9056862429085"," 2017-12-03 08:37:15"
"00:12:2a:39:2c:3c"," netbox-550b"," 1"," -85.99999999999999"," 32.10251814263996"," 35.20734901460898"," 698.9056862429085"," 2017-12-03 08:37:15"
"10:be:f5:a7:b4:f4"," Home"," 1"," -87.0"," 32.10251814263996"," 35.20734901460898"," 698.9056862429085"," 2017-12-03 08:37:15"
"1c:b9:c4:96:f1:97"," "," 4"," -85.17615210304542"," 32.10229102378868"," 35.2089337877798"," 699.6054525699565"," 2017-12-03 08:37:15"
"ec:8c:a2:08:78:cc"," Ariel_University"," 13"," -83.4891929853443"," 32.10333808796899"," 35.208824026674655"," 707.7601198658986"," 2017-12-03 08:37:15"
"1c:b9:c4:16:d2:88"," Ariel_University"," 18"," -83.13327614313079"," 32.10312347302774"," 35.20883746466107"," 698.2028615729479"," 2017-12-03 08:37:15"
"14:ae:db:43:88:35"," BEZEQINT-8831"," 1"," -84.99999999999999"," 32.10251581558651"," 35.207339181669674"," 697.993173771496"," 2017-12-03 08:37:18"
"ec:8c:a2:09:03:38"," Ariel_University"," 3"," -76.8358402291441"," 32.10281447386213"," 35.20758104767403"," 693.2074095942437"," 2017-12-03 08:37:18"
"1c:b9:c4:14:33:c8"," Ariel_University"," 10"," -80.08230255136024"," 32.102680253087044"," 35.208905151020254"," 692.5193655579837"," 2017-12-03 08:37:18"
"1c:b9:c4:96:28:f7"," "," 4"," -87.63524595657162"," 32.10242248031378"," 35.20871363230101"," 704.2728646362713"," 2017-12-03 08:37:18"
"1c:b9:c4:96:f4:77"," "," 3"," -85.89390439030304"," 32.10282120960932"," 35.20819917827672"," 693.7210746575796"," 2017-12-03 08:37:21"
"ec:8c:a2:88:94:17"," "," 10"," -77.70215404027113"," 32.102979640618635"," 35.20863487970209"," 700.7231443852511"," 2017-12-03 08:37:21"
"00:8c:54:90:ce:d1"," victoria"," 1"," -89.0"," 32.10251743683182"," 35.2073387273908"," 695.5775665899107"," 2017-12-03 08:37:24"
"ec:8c:a2:08:78:c8"," Ariel_University"," 16"," -80.85956979171425"," 32.10310144063958"," 35.20889944209591"," 697.7363484137815"," 2017-12-03 08:37:24"
"06:ae:db:3a:64:05"," BezeqFree"," 1"," -84.0"," 32.102458386443125"," 35.20743113335047"," 694.8881937656644"," 2017-12-03 08:37:27"
"1c:b9:c4:14:33:cc"," Ariel_University"," 7"," -83.59025413976657"," 32.10251836453443"," 35.2088820713498"," 700.1854284214464"," 2017-12-03 08:37:27"
"14:ae:db:cb:05:f5"," Mama"," 1"," -90.0"," 32.102458386443125"," 35.20743113335047"," 694.8881937656644"," 2017-12-03 08:37:27"
"ec:9b:f3:26:ab:3a"," SGH-I337M"," 4"," -84.14876019284476"," 32.10280900493249"," 35.20821148862795"," 697.7819011513631"," 2017-12-03 08:37:27"
"80:37:73:d7:ab:3a"," Hoom_2.4"," 1"," -88.0"," 32.10246378160256"," 35.207563401001366"," 694.129943277534"," 2017-12-03 08:37:30"
"ec:8c:a2:89:03:37"," "," 2"," -80.60589934620647"," 32.10309570760303"," 35.20769665213842"," 691.9218910832049"," 2017-12-03 08:37:33"
"ec:8c:a2:09:03:3c"," Ariel_University"," 2"," -80.19622641509434"," 32.10310231558724"," 35.207698037468575"," 691.9064470832453"," 2017-12-03 08:37:33"
"1c:b9:c4:16:d2:8c"," Ariel_University"," 10"," -87.9482765325919"," 32.1031141011101"," 35.208605039920876"," 701.7124141249268"," 2017-12-03 08:37:33"
"14:ae:db:58:0d:6d"," __ery"," 1"," -91.00000000000001"," 32.10258798763252"," 35.20759021123835"," 693.1085203108703"," 2017-12-03 08:37:33"
"cc:fa:00:ae:93:46"," bezek freeee"," 1"," -85.99999999999999"," 32.10263460161589"," 35.20757686137406"," 692.0341048029707"," 2017-12-03 08:37:36"
"00:0e:f4:c1:50:14"," vladimir"," 1"," -92.0"," 32.10263460161589"," 35.20757686137406"," 692.0341048029708"," 2017-12-03 08:37:36"
"ec:8c:a2:08:a9:3c"," Ariel_University"," 2"," -81.14754098360656"," 32.10294522725105"," 35.20767327460506"," 691.0835484362619"," 2017-12-03 08:37:39"
"1c:b9:c4:16:28:f8"," Ariel_University"," 10"," -82.4347225854844"," 32.1027578494726"," 35.208910534525934"," 695.7421434380835"," 2017-12-03 08:37:39"
"a4:08:f5:20:72:6a"," HOTFiber-3C40"," 1"," -87.0"," 32.102861507686676"," 35.2076291986019"," 691.1036071541976"," 2017-12-03 08:37:42"
"ec:8c:a2:08:77:48"," Ariel_University"," 1"," -88.0"," 32.102861507686676"," 35.2076291986019"," 691.1036071541976"," 2017-12-03 08:37:42"
"14:ae:db:cf:86:f5"," Biren2809"," 2"," -91.49453568229323"," 32.103147609584674"," 35.20814477182254"," 691.7941043072863"," 2017-12-03 08:37:42"
"1c:b9:c4:16:f4:78"," Ariel_University"," 11"," -77.98819437270208"," 32.10289797369337"," 35.208867675462855"," 697.870638109778"," 2017-12-03 08:37:45"
"1c:b9:c4:96:d2:87"," "," 1"," -89.0"," 32.10297429619621"," 35.20769754582129"," 690.9460551220589"," 2017-12-03 08:37:45"
"ec:8c:a2:09:93:b8"," Ariel_University"," 1"," -90.0"," 32.10297429619621"," 35.20769754582129"," 690.9460551220589"," 2017-12-03 08:37:45"
"ec:8c:a2:08:7a:1c"," Ariel_University"," 4"," -80.0030299026113"," 32.103496612890034"," 35.20779240490037"," 690.6301240378523"," 2017-12-03 08:37:49"
"ec:8c:a2:08:a9:28"," Ariel_University"," 4"," -80.3481105119677"," 32.10361868733057"," 35.20781670936575"," 690.5070726021237"," 2017-12-03 08:37:52"
"ec:8c:a2:09:0c:cc"," Ariel_University"," 2"," -83.61990950226243"," 32.10321891949164"," 35.2077603995489"," 690.8382411765818"," 2017-12-03 08:37:52"
"ec:8c:a2:08:78:3c"," Ariel_University"," 1"," -89.0"," 32.10317578496331"," 35.2077533608269"," 690.8658803245012"," 2017-12-03 08:37:52"
"ec:8c:a2:08:a9:2c"," Ariel_University"," 3"," -86.55193144135916"," 32.103766485175285"," 35.20783180358039"," 690.3776746163047"," 2017-12-03 08:37:52"
"ec:8c:a2:88:a9:27"," "," 2"," -84.62436127606684"," 32.10377986390148"," 35.207818162044134"," 690.4231966047739"," 2017-12-03 08:37:55"
"ec:8c:a2:88:a9:37"," "," 1"," -81.0"," 32.103254567862166"," 35.20776621667453"," 690.8153989055744"," 2017-12-03 08:37:55"
"ec:8c:a2:26:ae:28"," Ariel_University"," 1"," -88.0"," 32.103254567862166"," 35.20776621667453"," 690.8153989055744"," 2017-12-03 08:37:55"
"a0:4f:d4:46:a9:e1"," richman"," 1"," -92.0"," 32.103254567862166"," 35.20776621667453"," 690.8153989055744"," 2017-12-03 08:37:55"
"ec:8c:a2:88:7a:17"," "," 2"," -77.39619349722443"," 32.10375939005184"," 35.207824304039484"," 690.4413487921157"," 2017-12-03 08:37:58"
"ec:8c:a2:08:7a:18"," Ariel_University"," 2"," -76.41729354385384"," 32.10377787980504"," 35.20782590179721"," 690.4274628299759"," 2017-12-03 08:37:58"
"ec:8c:a2:08:78:38"," Ariel_University"," 1"," -81.0"," 32.103323385092075"," 35.20778662747971"," 690.7687922307229"," 2017-12-03 08:37:58"
"ec:8c:a2:26:b0:58"," Ariel_University"," 1"," -84.0"," 32.103323385092075"," 35.20778662747971"," 690.7687922307229"," 2017-12-03 08:37:58"
"ec:8c:a2:88:78:37"," "," 1"," -90.0"," 32.103323385092075"," 35.20778662747971"," 690.7687922307229"," 2017-12-03 08:37:58"
"ec:8c:a2:08:7b:8c"," Ariel_University"," 4"," -76.9975388720922"," 32.103679060441586"," 35.20782822405939"," 690.5042269400623"," 2017-12-03 08:37:58"
"ec:8c:a2:09:86:d8"," Ariel_University"," 1"," -92.0"," 32.103323385092075"," 35.20778662747971"," 690.7687922307229"," 2017-12-03 08:37:58"
"ec:8c:a2:89:0c:c7"," "," 1"," -85.99999999999999"," 32.10342051137385"," 35.20780552775216"," 690.6874448611455"," 2017-12-03 08:38:04"
"ec:8c:a2:09:0c:c8"," Ariel_University"," 1"," -85.99999999999999"," 32.10342051137385"," 35.20780552775216"," 690.6874448611455"," 2017-12-03 08:38:04"
"ec:8c:a2:88:7b:87"," "," 3"," -83.17158994144518"," 32.10392178055328"," 35.207895366225024"," 690.2937519226789"," 2017-12-03 08:38:04"
"ec:8c:a2:08:90:cc"," Ariel_University"," 1"," -87.0"," 32.10342051137385"," 35.20780552775216"," 690.6874448611455"," 2017-12-03 08:38:04"
"ec:8c:a2:08:90:c8"," Ariel_University"," 2"," -82.77857907890038"," 32.1036008123458"," 35.20781952974852"," 690.5542770521721"," 2017-12-03 08:38:07"
"ec:8c:a2:09:8c:38"," Ariel_University"," 1"," -80.0"," 32.10353355128237"," 35.20781291804855"," 690.5795129917332"," 2017-12-03 08:38:10"
"00:27:22:f3:bb:3a"," "," 1"," -85.99999999999999"," 32.10353355128237"," 35.20781291804855"," 690.5795129917332"," 2017-12-03 08:38:10"
"00:27:22:f3:bb:86"," "," 2"," -83.78598726114649"," 32.10375725007887"," 35.20784015835278"," 690.4441102635042"," 2017-12-03 08:38:10"
"ec:8c:a2:09:8c:3c"," Ariel_University"," 1"," -88.0"," 32.10353355128237"," 35.20781291804855"," 690.5795129917332"," 2017-12-03 08:38:10"
"ec:8c:a2:89:8c:37"," "," 1"," -85.99999999999999"," 32.10371440835981"," 35.2078263595938"," 690.4758805974767"," 2017-12-03 08:38:13"
"ec:8c:a2:0a:08:b8"," Ariel_University"," 1"," -89.0"," 32.10371440835981"," 35.2078263595938"," 690.4758805974767"," 2017-12-03 08:38:13"
"ec:8c:a2:08:7b:88"," Ariel_University"," 1"," -77.00000000000001"," 32.10395115783471"," 35.20786377093516"," 690.3267397654319"," 2017-12-03 08:38:16"
"00:25:86:cc:07:b2"," KCG_54"," 2"," -87.0"," 32.10410016147078"," 35.20842792478725"," 703.2732684202417"," 2017-12-03 08:38:19"
"84:c9:b2:4a:e7:87"," dlink"," 1"," -85.99999999999999"," 32.1044140461797"," 35.20788087493433"," 689.9496964638441"," 2017-12-03 08:38:22"
"1c:b9:c4:16:cd:68"," Ariel_University"," 1"," -85.99999999999999"," 32.1044140461797"," 35.20788087493433"," 689.9496964638441"," 2017-12-03 08:38:22"
"00:1a:dd:f4:f5:c4"," "," 5"," -89.71695961943466"," 32.10559996797917"," 35.21008394601984"," 689.0231325250428"," 2017-12-03 08:38:22"
"00:1a:dd:f4:f5:c5"," Afikim_Wifi"," 4"," -89.10500383631857"," 32.1051395482204"," 35.20907111905004"," 689.2440822092435"," 2017-12-03 08:38:22"
"ec:8c:a2:08:92:48"," Ariel_University"," 1"," -84.99999999999999"," 32.10461272357625"," 35.20792963641949"," 689.6670161410832"," 2017-12-03 08:38:25"
"ec:8c:a2:08:92:4c"," Ariel_University"," 1"," -88.0"," 32.10461272357625"," 35.20792963641949"," 689.6670161410832"," 2017-12-03 08:38:25"
"f0:b0:52:3e:d6:f8"," Ariel_University"," 1"," -85.99999999999999"," 32.10473074431384"," 35.20808401590763"," 689.6319853475801"," 2017-12-03 08:38:28"
"e6:46:da:e4:84:c0"," Aviramf phone"," 1"," -87.0"," 32.10473074431384"," 35.20808401590763"," 689.6319853475801"," 2017-12-03 08:38:28"
"00:27:22:f3:e0:83"," "," 1"," -88.0"," 32.10473074431384"," 35.20808401590763"," 689.6319853475801"," 2017-12-03 08:38:28"
"ec:8c:a2:26:d2:c8"," Ariel_University"," 4"," -91.47267645359216"," 32.10463137629941"," 35.20888730350135"," 690.5715158623817"," 2017-12-03 08:38:28"
"1c:b9:c4:16:05:38"," Ariel_University"," 14"," -81.5846133373748"," 32.10444318442076"," 35.20977958555387"," 695.8260189009867"," 2017-12-03 08:38:40"
"00:1a:2f:7f:6b:70"," "," 5"," -83.22689755302495"," 32.105480150114886"," 35.20995910039976"," 689.2878649448571"," 2017-12-03 08:38:43"
"b2:6c:ac:a0:7b:4d"," magneto"," 11"," -76.39085919365036"," 32.10461345606864"," 35.20982404209854"," 692.542101877315"," 2017-12-03 08:38:46"
"1c:b9:c4:15:44:58"," Ariel_University"," 20"," -80.43916698247342"," 32.10486971857479"," 35.210379423671164"," 700.5148918285996"," 2017-12-03 08:38:49"
"c2:6c:ac:a0:7b:4d"," outsense"," 13"," -75.98756811954327"," 32.104319357474495"," 35.20957406212977"," 694.2442907503998"," 2017-12-03 08:38:49"
"90:6c:ac:a0:7b:4d"," EVE"," 15"," -78.19668324532869"," 32.104675463559666"," 35.20977282389619"," 695.4076748042148"," 2017-12-03 08:38:49"
"1c:b9:c4:16:05:3c"," Ariel_University"," 4"," -84.41201108732538"," 32.104617359952364"," 35.209437597427666"," 695.5120296503742"," 2017-12-03 08:38:49"
"90:6c:ac:9f:fb:1f"," Guest"," 7"," -82.88281327638232"," 32.10496148329652"," 35.20995045465803"," 688.3051953655087"," 2017-12-03 08:38:49"
"d0:bf:9c:db:31:30"," HP-Print-30-Officejet 7610"," 10"," -81.89919444503893"," 32.104781919570485"," 35.20990160437995"," 692.4515019065193"," 2017-12-03 08:38:49"
"f8:e9:03:12:ef:3b"," ShapeDo"," 3"," -74.05590325491235"," 32.10477209848867"," 35.20959198198432"," 689.4143706947036"," 2017-12-03 08:38:52"
"a2:6c:ac:9f:fb:27"," Neuropplied"," 2"," -89.44973478939157"," 32.104892803076424"," 35.2092822465669"," 690.7444350267791"," 2017-12-03 08:38:52"
"90:6c:ac:9f:fb:27"," Guest"," 2"," -90.45028989929813"," 32.10489300606392"," 35.20928224839672"," 690.7435731036957"," 2017-12-03 08:38:52"
"b2:6c:ac:9f:fb:27"," iagree"," 2"," -90.45028989929813"," 32.10489300606392"," 35.20928224839672"," 690.7435731036957"," 2017-12-03 08:38:52"
"c2:6c:ac:9f:fb:27"," shapedo"," 2"," -90.45028989929813"," 32.10489300606392"," 35.20928224839672"," 690.7435731036957"," 2017-12-03 08:38:52"
"00:27:22:f3:e2:f3"," "," 3"," -83.8571429346155"," 32.105924522405914"," 35.21055874734606"," 688.6737904292652"," 2017-12-03 08:38:55"
"00:27:22:f3:a6:9a"," "," 2"," -85.97674732999864"," 32.105801846979396"," 35.21010479765049"," 688.5497026939919"," 2017-12-03 08:38:55"
"58:70:c6:00:d0:f1"," YICarCam_00d0f1"," 2"," -86.3556119383054"," 32.10577582600903"," 35.20997089589932"," 688.5217353450139"," 2017-12-03 08:38:55"
"1c:b9:c4:16:06:e8"," Ariel_University"," 3"," -86.89034445913337"," 32.10584273376777"," 35.21021078186345"," 688.5965322405589"," 2017-12-03 08:38:55"
"08:97:58:32:a6:3e"," NIPPON_2516"," 1"," -72.99999999999999"," 32.10572050842588"," 35.2097599664662"," 688.5550300637956"," 2017-12-03 08:38:58"
"f8:a9:d0:66:06:4d"," Orange G2_4113"," 1"," -81.0"," 32.10572050842588"," 35.2097599664662"," 688.5550300637956"," 2017-12-03 08:38:58"
"b2:6c:ac:9f:fb:1f"," iagree"," 8"," -80.5841136880525"," 32.10465955367501"," 35.20975562012232"," 698.1032975678405"," 2017-12-03 08:38:58"
"1c:b9:c4:15:44:5c"," Ariel_University"," 7"," -82.05187567839789"," 32.10497716790047"," 35.21024127242584"," 706.9197561283919"," 2017-12-03 08:38:58"
"1c:b9:c4:15:42:6c"," Ariel_University"," 2"," -87.44858653783378"," 32.105382326454894"," 35.210379922222494"," 690.5953548222516"," 2017-12-03 08:38:58"
"00:1a:dd:f5:e9:25"," Afikim-73925"," 5"," -72.84413617119243"," 32.10562571316993"," 35.21030626994565"," 689.1763663264628"," 2017-12-03 08:38:58"
"1c:b9:c4:95:42:67"," "," 2"," -90.0"," 32.105393533722584"," 35.21035937704057"," 690.5277389594698"," 2017-12-03 08:38:58"
"00:11:6b:2a:90:3c"," Cartiheal"," 3"," -83.11880976118825"," 32.10492080273792"," 35.20973323805968"," 703.1072222548489"," 2017-12-03 08:38:58"
"1c:b9:c4:14:2f:a8"," Ariel_University"," 2"," -88.44916714531878"," 32.10591114100764"," 35.21043701631978"," 688.6622483231179"," 2017-12-03 08:38:58"
"00:1a:dd:f5:e9:24"," PEPWAVE_C99D"," 3"," -70.06671407153536"," 32.105460466409745"," 35.210257453794235"," 689.4884991272369"," 2017-12-03 08:39:01"
"00:1a:dd:f4:ef:04"," PEPWAVE_9481"," 3"," -83.29843257583951"," 32.105962572338896"," 35.21055153552892"," 688.6825017110157"," 2017-12-03 08:39:01"
"1c:b9:c4:15:42:68"," Ariel_University"," 11"," -85.90368525668504"," 32.10502822509182"," 35.210671821312744"," 695.0809567491028"," 2017-12-03 08:39:01"
"00:1a:dd:f5:06:a4"," "," 1"," -83.00000000000001"," 32.10593532045871"," 35.21038076777716"," 688.6045855255679"," 2017-12-03 08:39:04"
"00:1a:dd:f5:06:a5"," Afikim_Wifi"," 1"," -84.0"," 32.10593532045871"," 35.21038076777716"," 688.6045855255679"," 2017-12-03 08:39:04"
"1c:b9:c4:16:06:ec"," Ariel_University"," 2"," -85.79095205941933"," 32.10604981378468"," 35.21091908466632"," 688.7622466266455"," 2017-12-03 08:39:04"
"00:1a:dd:f4:ef:c5"," Afikim_Wifi"," 1"," -81.0"," 32.106089276564596"," 35.21106968179408"," 688.7624378298848"," 2017-12-03 08:39:10"
"00:0d:f0:3e:fa:ca"," Gateway"," 1"," -87.0"," 32.106089276564596"," 35.21106968179408"," 688.7624378298848"," 2017-12-03 08:39:10"
"1c:b9:c4:96:06:e7"," "," 2"," -89.49441358217341"," 32.106129976640474"," 35.21159973010257"," 689.0436342811676"," 2017-12-03 08:39:10"
"10:be:f5:36:02:e2"," TOP-SECRET"," 1"," -82.0"," 32.10614939016676"," 35.21138726608906"," 688.8993666020681"," 2017-12-03 08:39:13"
"00:1a:dd:f4:ef:c4"," "," 1"," -87.0"," 32.10614939016676"," 35.21138726608906"," 688.8993666020681"," 2017-12-03 08:39:13"
"cc:b2:55:e7:7e:ba"," Bezeq-NGN_E77EB9"," 1"," -87.0"," 32.106181954122206"," 35.21168763894033"," 689.1981253462078"," 2017-12-03 08:39:16"
"00:1a:dd:f4:fc:84"," "," 1"," -77.00000000000001"," 32.106211489963755"," 35.21194838735254"," 689.2763252871639"," 2017-12-03 08:39:19"
"00:1a:dd:f4:fc:85"," Afikim_Wifi"," 1"," -78.0"," 32.106211489963755"," 35.21194838735254"," 689.2763252871639"," 2017-12-03 08:39:19"
"f8:e7:1e:33:87:38"," Police_Shomron "," 1"," -85.99999999999999"," 32.106211489963755"," 35.21194838735254"," 689.2763252871639"," 2017-12-03 08:39:19"
"00:1a:dd:f4:fc:64"," "," 1"," -87.0"," 32.106211489963755"," 35.21194838735254"," 689.2763252871639"," 2017-12-03 08:39:19"
"00:1a:dd:f4:fc:65"," Afikim_Wifi"," 1"," -90.0"," 32.106211489963755"," 35.21194838735254"," 689.2763252871639"," 2017-12-03 08:39:19"
"1c:b9:c4:16:cd:18"," IT-MNG"," 2"," -80.46974343630787"," 32.105760148875554"," 35.21206399289527"," 690.460869314654"," 2017-12-03 08:39:25"
"00:27:19:13:fc:a4"," KCG_20"," 4"," -89.10500383631857"," 32.10520095441039"," 35.211813446554004"," 694.5187617004623"," 2017-12-03 08:39:25"
"1c:b9:c4:56:cd:18"," Ariel_University"," 2"," -81.14754098360656"," 32.105755717208204"," 35.21206208631172"," 690.4771826394856"," 2017-12-03 08:39:25"
"f8:e7:1e:33:87:3c"," Police_Shomron "," 1"," -85.99999999999999"," 32.10578181130056"," 35.21207187967583"," 690.5323471428377"," 2017-12-03 08:39:28"
"1c:b9:c4:15:fd:e8"," IT-MNG"," 3"," -86.10423294217149"," 32.10534576509134"," 35.21169309934411"," 691.3431389455745"," 2017-12-03 08:39:28"
"1c:b9:c4:16:cd:1c"," Ariel_University"," 1"," -88.0"," 32.10578181130056"," 35.21207187967583"," 690.5323471428377"," 2017-12-03 08:39:28"
"1c:b9:c4:55:fd:e8"," Ariel_University"," 5"," -87.01092405457459"," 32.10513842553273"," 35.21141955571388"," 698.574788863309"," 2017-12-03 08:39:31"
"1c:b9:c4:15:fd:ec"," Ariel_University"," 2"," -79.19242005527043"," 32.10533711925973"," 35.2118598855837"," 691.9964341016355"," 2017-12-03 08:39:34"
"1c:b9:c4:15:3a:28"," Ariel_University"," 1"," -87.0"," 32.105448644069995"," 35.21192983211315"," 691.5885470680463"," 2017-12-03 08:39:34"
"1c:b9:c4:15:36:9c"," Ariel_University"," 3"," -85.50118021563057"," 32.105191757257465"," 35.2112199723324"," 703.6200349313401"," 2017-12-03 08:39:34"
"1c:b9:c4:96:cd:17"," "," 1"," -89.0"," 32.105448644069995"," 35.21192983211315"," 691.5885470680463"," 2017-12-03 08:39:34"
"1c:b9:c4:15:36:98"," Ariel_University"," 4"," -85.31690841268782"," 32.105151145554075"," 35.21116457683499"," 700.3504652541378"," 2017-12-03 08:39:34"
"1c:b9:c4:15:3a:2c"," Ariel_University"," 1"," -92.0"," 32.105338150765675"," 35.21187487697705"," 692.0554072332519"," 2017-12-03 08:39:37"
"24:79:2a:2b:34:a8"," Ariel_University"," 1"," -92.0"," 32.105338150765675"," 35.21187487697705"," 692.0554072332519"," 2017-12-03 08:39:37"
"1c:b9:c4:16:05:78"," Ariel_University"," 16"," -84.48489507064056"," 32.104748839834606"," 35.210693424890316"," 701.9723431969405"," 2017-12-03 08:39:43"
"1c:b9:c4:16:2b:e8"," Ariel_University"," 9"," -85.82395890508418"," 32.104821586826894"," 35.21081985693507"," 690.5172334964982"," 2017-12-03 08:39:46"
"8c:0c:90:af:76:53"," "," 1"," -90.0"," 32.105210120790346"," 35.21178480914369"," 692.3377115782242"," 2017-12-03 08:39:49"
"24:79:2a:2b:34:e8"," Ariel_University"," 2"," -90.49447530675783"," 32.10507123327566"," 35.21145722461369"," 693.5785828198289"," 2017-12-03 08:40:16"
"1c:b9:c4:15:44:88"," Ariel_University"," 14"," -82.9013176788161"," 32.10461220426341"," 35.21092258238059"," 695.4042831284123"," 2017-12-03 08:40:22"
"1c:b9:c4:15:ed:48"," Ariel_University"," 11"," -83.16411790633902"," 32.10463009189627"," 35.21103419284488"," 690.6537700185137"," 2017-12-03 08:40:28"
"8c:0c:90:2f:d3:d8"," Ariel_University"," 4"," -85.83704105401975"," 32.10450242754861"," 35.21095633191016"," 695.2145993359444"," 2017-12-03 08:40:28"
"ec:8c:a2:08:79:a8"," Ariel_University"," 4"," -77.74370755604835"," 32.104697508718836"," 35.21075809840327"," 693.5155460311811"," 2017-12-03 08:40:34"
"1c:b9:c4:95:ed:47"," "," 1"," -87.0"," 32.104906121909195"," 35.21135241304572"," 691.7266026300563"," 2017-12-03 08:40:34"
"1c:b9:c4:15:ed:4c"," Ariel_University"," 2"," -88.0"," 32.1048674859546"," 35.21138014652286"," 690.8633013150281"," 2017-12-03 08:40:34"
"ec:8c:a2:08:79:88"," Ariel_University"," 2"," -89.9111549851925"," 32.10493454942741"," 35.210993687799785"," 688.9904963388942"," 2017-12-03 08:40:34"
"ec:8c:a2:08:79:ac"," Ariel_University"," 3"," -86.18680712027856"," 32.104919099001776"," 35.211301549688564"," 693.8682117313016"," 2017-12-03 08:40:34"
"1c:b9:c4:14:36:f8"," Ariel_University"," 4"," -84.48521045777534"," 32.104519883098945"," 35.211279570886184"," 694.6482809964774"," 2017-12-03 08:40:34"
"1c:b9:c4:16:05:7c"," Ariel_University"," 5"," -90.18752945146697"," 32.104875348940055"," 35.210819919028296"," 708.9043805783166"," 2017-12-03 08:40:34"
"1c:b9:c4:14:2b:c8"," Ariel_University"," 12"," -79.87736226064254"," 32.1048723006065"," 35.210961673613276"," 695.4916420119257"," 2017-12-03 08:40:37"
"1c:b9:c4:14:2b:cc"," Ariel_University"," 3"," -82.40786546314351"," 32.10504392751344"," 35.21106960662548"," 702.0456994786932"," 2017-12-03 08:40:37"
"1c:b9:c4:15:41:78"," Ariel_University"," 9"," -80.66688718286426"," 32.10442512242979"," 35.21064821489686"," 699.365160793818"," 2017-12-03 08:40:37"
"1c:b9:c4:94:2b:c7"," "," 3"," -82.83185840707964"," 32.1050271314145"," 35.21103245039248"," 700.7822284453173"," 2017-12-03 08:40:37"
"1c:b9:c4:95:44:87"," "," 2"," -88.35886968169932"," 32.104750634791365"," 35.21122999135554"," 699.6870730661486"," 2017-12-03 08:40:40"
"1c:b9:c4:15:44:8c"," Ariel_University"," 2"," -89.36044408407659"," 32.10473150718274"," 35.211193917522"," 695.551073827083"," 2017-12-03 08:40:40"
"1c:b9:c4:94:30:07"," "," 1"," -84.0"," 32.10506214894986"," 35.21071549460977"," 692.6868607099875"," 2017-12-03 08:40:43"
"1c:b9:c4:14:30:0c"," Ariel_University"," 1"," -84.99999999999999"," 32.10506214894986"," 35.21071549460977"," 692.6868607099875"," 2017-12-03 08:40:43"
"1c:b9:c4:14:30:08"," Ariel_University"," 4"," -85.94834669161705"," 32.10501114734997"," 35.21068038303642"," 697.5475606772844"," 2017-12-03 08:40:43"
"1c:b9:c4:16:2d:e8"," Ariel_University"," 11"," -84.3752831159766"," 32.10485506920522"," 35.21035842981893"," 702.4056720865938"," 2017-12-03 08:40:46"
"ac:83:f3:b2:00:e9"," SAMSONIX R500-e-09"," 1"," -84.0"," 32.10500248118355"," 35.210472263787054"," 692.7188464192927"," 2017-12-03 08:40:46"
"1c:b9:c4:15:25:48"," Ariel_University"," 9"," -82.12784910185066"," 32.10478559828744"," 35.21024369540257"," 701.243239822832"," 2017-12-03 08:40:46"
"1c:b9:c4:95:44:57"," "," 2"," -80.81352428761258"," 32.10500097336687"," 35.21047477768118"," 710.7476613871767"," 2017-12-03 08:40:46"
"00:11:6b:11:7d:c7"," yosh"," 6"," -88.99285524879987"," 32.104799902447546"," 35.21028609718777"," 710.2818354386455"," 2017-12-03 08:40:46"
"38:a2:8c:02:e7:6e"," SAMSONIX ML_003"," 1"," -91.00000000000001"," 32.10500248118355"," 35.210472263787054"," 692.7188464192927"," 2017-12-03 08:40:46"
"1c:b9:c4:16:2d:ec"," Ariel_University"," 1"," -84.99999999999999"," 32.10493191549645"," 35.21025667401684"," 692.7030958914264"," 2017-12-03 08:40:49"
"1c:b9:c4:15:20:38"," Ariel_University"," 4"," -85.05928813596033"," 32.1048194748832"," 35.21014193535791"," 697.8852428165849"," 2017-12-03 08:40:49"
"1c:b9:c4:96:2d:e7"," "," 2"," -85.79095205941933"," 32.10492987261436"," 35.21027044008996"," 708.8736268991172"," 2017-12-03 08:40:49"
"c2:6c:ac:9f:fb:1f"," shapedo"," 5"," -77.5213247858308"," 32.10452399324052"," 35.20971800094078"," 689.6250519377325"," 2017-12-03 08:40:49"
"1c:b9:c4:15:34:b8"," Ariel_University"," 1"," -92.0"," 32.10493191549645"," 35.21025667401684"," 692.7030958914264"," 2017-12-03 08:40:49"
"c4:12:f5:fd:6a:74"," mati-sh1"," 1"," -84.99999999999999"," 32.10483384066018"," 35.21004948359021"," 692.7415284537185"," 2017-12-03 08:40:52"
"a2:6c:ac:a0:3d:eb"," giftwizard"," 16"," -82.13175083611239"," 32.10417464008443"," 35.209537332283105"," 700.0756329844281"," 2017-12-03 08:40:52"
"a2:6c:ac:9f:fb:1f"," Neuropplied"," 5"," -78.21290142465047"," 32.104689840094615"," 35.20990629425972"," 695.0442302849592"," 2017-12-03 08:40:52"
"90:6c:ac:a0:3d:eb"," Guest"," 8"," -80.82615577413588"," 32.104047935227875"," 35.20944739231496"," 699.4726586944967"," 2017-12-03 08:40:52"
"8c:0c:90:2f:36:58"," Ariel_University"," 4"," -76.7461512791679"," 32.104756095893336"," 35.20996993134828"," 699.1416431415805"," 2017-12-03 08:40:52"
"a2:6c:ac:a0:7b:4d"," Guest"," 6"," -72.67907666562495"," 32.104458294204996"," 35.20962977999583"," 693.9297363124712"," 2017-12-03 08:40:55"
"c2:6c:ac:a0:7b:55"," outsense"," 3"," -76.48114493667637"," 32.10466943236545"," 35.20982459242701"," 701.9303296677489"," 2017-12-03 08:40:55"
"b2:6c:ac:a0:7b:55"," magneto"," 2"," -75.76352636127916"," 32.10467817424046"," 35.209813646365646"," 708.5120395177382"," 2017-12-03 08:40:55"
"a2:6c:ac:a0:7b:55"," Guest"," 2"," -76.18040753687441"," 32.10467787135877"," 35.209813449304924"," 708.6936298682328"," 2017-12-03 08:40:55"
"74:ea:3a:ad:d1:50"," TP-LINK_ADD150"," 6"," -75.72535615934618"," 32.10383156123503"," 35.20935688314183"," 689.4332639582818"," 2017-12-03 08:40:58"
"90:6c:ac:a0:60:4d"," Guest"," 3"," -74.77527486117188"," 32.10462255556327"," 35.209775426871154"," 689.1632024869866"," 2017-12-03 08:40:58"
"a2:6c:ac:a0:60:4d"," incentive2"," 3"," -77.45537451865394"," 32.104295258377164"," 35.2094596590395"," 689.2506394148126"," 2017-12-03 08:40:58"
"1c:b9:c4:14:62:4c"," Ariel_University"," 1"," -74.0"," 32.10457102888188"," 35.209608501213296"," 692.8918490649098"," 2017-12-03 08:40:58"
"1c:b9:c4:14:62:48"," Ariel_University"," 5"," -71.69368802587533"," 32.10390986328329"," 35.20946884775084"," 696.0914104344993"," 2017-12-03 08:40:58"
"f8:e9:03:12:ef:3c"," ShapeDo-5GHz"," 2"," -75.97368876579539"," 32.10456801210062"," 35.209679316065845"," 689.8684136221324"," 2017-12-03 08:40:58"
"1c:b9:c4:94:62:47"," "," 1"," -79.0"," 32.10457102888188"," 35.209608501213296"," 692.8918490649098"," 2017-12-03 08:40:58"
"24:79:2a:2c:5b:dc"," Ariel_University"," 3"," -83.80145758307587"," 32.10414268624911"," 35.21002391316817"," 703.1484393235382"," 2017-12-03 08:41:01"
"a2:6c:ac:a0:18:29"," artsim"," 4"," -78.50617020943129"," 32.103666322911735"," 35.20929375541751"," 689.7993843417349"," 2017-12-03 08:41:01"
"24:79:2a:2c:5b:d8"," Ariel_University"," 16"," -84.94367095987828"," 32.10416903450181"," 35.20988753750847"," 703.6087498077541"," 2017-12-03 08:41:01"
"34:8f:27:20:89:b8"," Ariel_University"," 5"," -80.61986909630615"," 32.10410549592866"," 35.209217285537754"," 690.6334021278866"," 2017-12-03 08:41:01"
"a0:8c:fd:8c:79:6f"," DIRECT-6E-HP DeskJet 3630 series"," 2"," -86.49421984630804"," 32.104510237697276"," 35.20956264842609"," 690.9289640836059"," 2017-12-03 08:41:01"
"34:8f:27:20:89:bc"," Ariel_University"," 1"," -87.0"," 32.104466966368285"," 35.20942986183025"," 692.9030486088649"," 2017-12-03 08:41:01"
"34:8f:27:a0:89:b7"," "," 1"," -89.0"," 32.104466966368285"," 35.20942986183025"," 692.9030486088649"," 2017-12-03 08:41:01"
"ec:8c:a2:26:d3:68"," Ariel_University"," 9"," -71.30066176495168"," 32.10407006714004"," 35.209123634114526"," 696.8487357618994"," 2017-12-03 08:41:04"
"1c:b9:c4:16:1d:78"," Ariel_University"," 11"," -84.18460857354694"," 32.10379969653494"," 35.20936317705693"," 702.5800850390748"," 2017-12-03 08:41:04"
"58:70:c6:fb:68:7a"," YICarCam_fb687a"," 1"," -88.0"," 32.104362677361316"," 35.20927746779735"," 692.9954485022049"," 2017-12-03 08:41:04"
"30:e1:71:0d:e0:65"," DIRECT-64-HP DeskJet 3630 series"," 3"," -85.52382026395627"," 32.104195792901045"," 35.20912676733564"," 700.8868204723456"," 2017-12-03 08:41:04"
"1c:b9:c4:16:cc:d8"," Ariel_University"," 2"," -83.97619385007793"," 32.10417409535365"," 35.20908661069742"," 691.6582550631983"," 2017-12-03 08:41:07"
"00:27:22:f3:bb:2b"," "," 3"," -87.26615641295908"," 32.10405974104211"," 35.20942539110444"," 705.4863232281272"," 2017-12-03 08:41:07"
"a0:8c:fd:0a:24:56"," DIRECT-13-HP DeskJet 3630 series"," 6"," -83.32681908400824"," 32.10386466670456"," 35.20953819536965"," 703.0174363324107"," 2017-12-03 08:41:07"
"1c:b9:c4:15:fd:4c"," Ariel_University"," 9"," -89.40920512743125"," 32.1039560632623"," 35.20965595587197"," 707.7773313434046"," 2017-12-03 08:41:07"
"1c:b9:c4:15:fd:48"," Ariel_University"," 15"," -82.92981882494668"," 32.10378602117694"," 35.209541047700064"," 700.0401092962564"," 2017-12-03 08:41:07"
"1c:b9:c4:16:28:ec"," Ariel_University"," 5"," -77.32017132220008"," 32.10383973315255"," 35.20889571793293"," 701.5034186413068"," 2017-12-03 08:41:07"
"00:02:6f:b8:c4:1a"," "," 2"," -88.79798234552332"," 32.10398682674761"," 35.208972184356085"," 702.3784600290483"," 2017-12-03 08:41:07"
"1c:b9:c4:16:28:e8"," Ariel_University"," 24"," -78.54663395991722"," 32.103449979743104"," 35.20900541138627"," 701.2471810163972"," 2017-12-03 08:41:10"
"8c:0c:90:2e:16:88"," Ariel_University"," 15"," -84.1329516185014"," 32.10366596952207"," 35.20943785062005"," 701.5128020711841"," 2017-12-03 08:41:10"
"90:6c:ac:a0:18:29"," Guest"," 6"," -80.56124122766114"," 32.103772661432515"," 35.209343044339235"," 694.2855850645743"," 2017-12-03 08:41:10"
"ec:8c:a2:26:b0:e8"," Ariel_University"," 5"," -86.52879250559977"," 32.103768086635874"," 35.20892585738781"," 690.629091549149"," 2017-12-03 08:41:10"
"1c:b9:c4:15:1c:b8"," Ariel_University"," 17"," -85.46320632720747"," 32.10353456805721"," 35.20950195228072"," 701.7597470618821"," 2017-12-03 08:41:10"
"1c:b9:c4:15:23:5c"," Ariel_University"," 1"," -91.00000000000001"," 32.104079300627305"," 35.20894493919268"," 693.2106002961864"," 2017-12-03 08:41:10"
"1c:b9:c4:95:23:57"," "," 1"," -92.0"," 32.104079300627305"," 35.20894493919268"," 693.2106002961864"," 2017-12-03 08:41:10"
"b2:6c:ac:a0:3d:eb"," sinusafe"," 9"," -81.79021885583226"," 32.10402975597329"," 35.20941640188841"," 705.2426567237832"," 2017-12-03 08:41:13"
"1c:b9:c4:15:23:58"," Ariel_University"," 6"," -83.01500748394987"," 32.104182241647806"," 35.209262234768076"," 698.5264667741548"," 2017-12-03 08:41:13"
"40:a5:ef:7a:17:f2"," 2.4V1"," 8"," -80.70255421910942"," 32.10282721464495"," 35.20953180862032"," 699.4813413771293"," 2017-12-03 08:41:13"
"1c:b9:c4:95:fd:47"," "," 4"," -88.94382518791006"," 32.1037295356692"," 35.20938172918558"," 705.7432982997963"," 2017-12-03 08:41:13"
"1c:b9:c4:96:28:e7"," "," 3"," -76.7813978608919"," 32.10368839370955"," 35.20877681328383"," 691.4510767002092"," 2017-12-03 08:41:13"
"1c:b9:c4:16:cc:dc"," Ariel_University"," 1"," -90.0"," 32.1037453613347"," 35.208747637130664"," 692.9018041152"," 2017-12-03 08:41:16"
"8c:0c:90:ae:16:83"," "," 5"," -85.07046588219093"," 32.10362843067258"," 35.2090267906456"," 706.0768644614176"," 2017-12-03 08:41:19"
"8c:0c:90:6e:16:88"," "," 10"," -85.0872960047138"," 32.10365769221709"," 35.20937704116605"," 700.3187015108125"," 2017-12-03 08:41:19"
"1c:b9:c4:12:7c:c8"," Ariel_University"," 7"," -74.5072526485658"," 32.103022633233145"," 35.208963049025684"," 696.7058281338205"," 2017-12-03 08:41:19"
"1c:b9:c4:16:13:08"," Ariel_University"," 4"," -83.73175334887922"," 32.10356596775584"," 35.2087757310944"," 697.2890669002472"," 2017-12-03 08:41:19"
"1c:b9:c4:12:7c:cc"," Ariel_University"," 4"," -83.97536957132127"," 32.10302115000104"," 35.208813904216676"," 691.9923582374438"," 2017-12-03 08:41:22"
"1c:b9:c4:92:7c:c7"," "," 3"," -82.64542138606258"," 32.10290082863347"," 35.20885512897605"," 691.8458350165494"," 2017-12-03 08:41:25"
"1c:b9:c4:12:90:bc"," Ariel_University"," 8"," -85.89876558557522"," 32.10300529175981"," 35.209193209057055"," 698.8387424297593"," 2017-12-03 08:41:25"
"1c:b9:c4:16:13:0c"," Ariel_University"," 1"," -89.0"," 32.10332614802254"," 35.20866418715774"," 692.4506545358308"," 2017-12-03 08:41:25"
"1c:b9:c4:96:13:07"," "," 1"," -91.00000000000001"," 32.10332614802254"," 35.20866418715774"," 692.4506545358308"," 2017-12-03 08:41:25"
"1c:b9:c4:12:90:b8"," Ariel_University"," 15"," -83.5125251878865"," 32.10293959060556"," 35.20903635611676"," 704.308514947402"," 2017-12-03 08:41:28"
"f8:d1:11:77:77:c6"," HelpDesk"," 5"," -80.68558437240851"," 32.102953009977234"," 35.20876530432934"," 690.5352011665425"," 2017-12-03 08:41:28"
"8c:0c:90:2d:75:e8"," Ariel_University"," 5"," -80.80366847645796"," 32.102850167982155"," 35.20902322894299"," 693.2400764409485"," 2017-12-03 08:41:28"
"1c:b9:c4:16:f4:28"," Ariel_University"," 9"," -83.91083356226449"," 32.10262066343639"," 35.20891278980264"," 694.2562670964378"," 2017-12-03 08:41:28"
"34:8f:27:20:8c:18"," Ariel_University"," 4"," -87.94318695246544"," 32.10287513710924"," 35.20909666960022"," 693.7861545185116"," 2017-12-03 08:41:28"
"1c:b9:c4:15:43:e8"," Ariel_University"," 6"," -82.95469786692844"," 32.102635300506314"," 35.20896432454618"," 697.8887699468979"," 2017-12-03 08:41:28"
"ec:8c:a2:88:78:c7"," "," 4"," -84.00123272596457"," 32.103218438334075"," 35.20895591989747"," 694.2303369819643"," 2017-12-03 08:41:28"
"d8:5d:4c:9e:69:22"," AUC_4_2_24"," 5"," -83.88569098803008"," 32.103227588750656"," 35.209337612036805"," 702.8595454707937"," 2017-12-03 08:41:31"
"1c:b9:c4:14:2f:68"," Ariel_University"," 11"," -75.86836842330206"," 32.1027141291566"," 35.20895570599424"," 693.8490516028099"," 2017-12-03 08:41:31"
"1c:b9:c4:96:f4:27"," "," 2"," -88.9775309265337"," 32.10250943981619"," 35.20909891571277"," 691.7725879235369"," 2017-12-03 08:41:31"
"1c:b9:c4:14:2f:6c"," Ariel_University"," 4"," -81.80067039152837"," 32.10263474546557"," 35.208939947007075"," 690.5293943929987"," 2017-12-03 08:41:31"
"1c:b9:c4:16:11:a8"," Ariel_University"," 9"," -82.05179893557617"," 32.10287422469279"," 35.209586802655686"," 696.7918042281749"," 2017-12-03 08:41:34"
"ec:8c:a2:26:b1:78"," Ariel_University"," 10"," -79.02002151633955"," 32.10262122952239"," 35.209164354321125"," 699.8794995795328"," 2017-12-03 08:41:34"
"1c:b9:c4:16:11:ac"," Ariel_University"," 6"," -85.72753447422267"," 32.10238902572059"," 35.20923578009255"," 701.2747772025522"," 2017-12-03 08:41:34"
"1c:b9:c4:16:28:fc"," Ariel_University"," 6"," -84.27749478839432"," 32.10242523005957"," 35.20900344642831"," 705.050002045159"," 2017-12-03 08:41:37"
"62:ab:1b:60:b4:cb"," Bezeq Free"," 8"," -83.5360019058559"," 32.102279237239024"," 35.2093613929875"," 696.5523253182369"," 2017-12-03 08:41:37"
"1c:b9:c4:14:2c:18"," Ariel_University"," 4"," -79.63746005398464"," 32.10240105789399"," 35.209144564397185"," 697.9423213346126"," 2017-12-03 08:41:37"
"a0:ab:1b:60:b4:ca"," 036518749"," 6"," -82.71789643455176"," 32.10229292992002"," 35.20922457439484"," 691.3282147355818"," 2017-12-03 08:41:37"
"1c:b9:c4:15:ed:78"," Ariel_University"," 8"," -81.92261276142413"," 32.102324752084236"," 35.209331493043635"," 694.8604361878397"," 2017-12-03 08:41:37"
"1c:b9:c4:16:04:78"," Ariel_University"," 5"," -78.22332017673328"," 32.102339731932126"," 35.20930495221809"," 692.9193973951036"," 2017-12-03 08:41:37"
"1c:b9:c4:14:2b:d8"," Ariel_University"," 8"," -71.02160413034629"," 32.10235039189221"," 35.20927042511178"," 692.2206133052449"," 2017-12-03 08:41:40"
"1c:b9:c4:14:2b:dc"," Ariel_University"," 5"," -75.57220951220326"," 32.102203922775914"," 35.2092717476526"," 695.9776331182591"," 2017-12-03 08:41:40"
"1c:b9:c4:94:2b:d7"," "," 4"," -81.34501250035738"," 32.102278046502754"," 35.20926738007158"," 697.3514191595569"," 2017-12-03 08:41:40"
"1c:b9:c4:16:ed:38"," Ariel_University"," 11"," -76.7913037800807"," 32.10304834685059"," 35.209781569588664"," 696.6625527374119"," 2017-12-03 08:41:40"
"48:ee:0c:3e:86:dd"," tachlit3"," 2"," -86.90809454641489"," 32.102383542734515"," 35.208836763486595"," 689.4879837201058"," 2017-12-03 08:41:40"
"a0:8c:fd:0a:d5:f5"," DIRECT-F4-HP DeskJet 3630 series"," 9"," -79.88636594282396"," 32.10220451989962"," 35.20918571173241"," 699.2044785582324"," 2017-12-03 08:41:40"
"3c:52:82:ef:d4:56"," DIRECT-55-HP DeskJet 3630 series"," 4"," -80.42632040035298"," 32.10218764306504"," 35.2092902710175"," 694.1649424257095"," 2017-12-03 08:41:44"
"1c:b9:c4:16:f1:48"," Ariel_University"," 7"," -82.66724929889241"," 32.102285888110806"," 35.20937915391684"," 699.9422742668038"," 2017-12-03 08:41:44"
"1c:b9:c4:16:f1:4c"," Ariel_University"," 2"," -84.49408304740564"," 32.10214478667037"," 35.209089103693636"," 689.2517761973078"," 2017-12-03 08:41:44"
"1c:b9:c4:15:3d:58"," Ariel_University"," 8"," -76.77113182647565"," 32.102337808940824"," 35.209520236582364"," 696.0108082787348"," 2017-12-03 08:41:44"
"1c:b9:c4:15:3a:38"," Ariel_University"," 8"," -80.67312920111591"," 32.102373690941626"," 35.209641140337865"," 698.1569237525265"," 2017-12-03 08:41:47"
"1c:b9:c4:15:1b:88"," Ariel_University"," 3"," -85.18347824071681"," 32.10208600104862"," 35.20928813919664"," 690.0247298147439"," 2017-12-03 08:41:47"
"1c:b9:c4:95:3a:37"," "," 1"," -87.0"," 32.10204840896786"," 35.209305441513706"," 690.6637923310731"," 2017-12-03 08:41:47"
"1c:b9:c4:15:3a:3c"," Ariel_University"," 2"," -84.35220037780732"," 32.102049198139355"," 35.20957634222167"," 691.3318336450411"," 2017-12-03 08:41:47"
"1c:b9:c4:15:1b:8c"," Ariel_University"," 2"," -87.49428590086855"," 32.10202729086905"," 35.20947062720155"," 690.8338172894856"," 2017-12-03 08:41:47"
"1c:b9:c4:15:1e:68"," Ariel_University"," 6"," -84.42519378620858"," 32.1025584617529"," 35.20986963450915"," 691.6443246693005"," 2017-12-03 08:41:47"
"1c:b9:c4:95:1b:87"," "," 1"," -89.0"," 32.10204840896786"," 35.209305441513706"," 690.6637923310731"," 2017-12-03 08:41:47"
"00:11:6b:11:02:b7"," yosh"," 5"," -86.06937550357009"," 32.10236126185898"," 35.209664647727976"," 691.1283448325227"," 2017-12-03 08:41:47"
"1c:b9:c4:15:ed:7c"," Ariel_University"," 1"," -83.00000000000001"," 32.10199115789806"," 35.20958210879809"," 691.3292746776632"," 2017-12-03 08:41:50"
"1c:b9:c4:15:3d:5c"," Ariel_University"," 2"," -83.4461251702631"," 32.101993215281134"," 35.209569911503216"," 690.6407658565206"," 2017-12-03 08:41:50"
"1c:b9:c4:16:f4:2c"," Ariel_University"," 5"," -88.18724541295802"," 32.102451938359444"," 35.20925955775435"," 708.8170773849673"," 2017-12-03 08:41:50"
"1c:b9:c4:15:1e:6c"," Ariel_University"," 2"," -89.49441358217341"," 32.10251278681855"," 35.20963302577492"," 693.2846435046687"," 2017-12-03 08:41:50"
"1c:b9:c4:95:43:e7"," "," 1"," -90.0"," 32.10199115789806"," 35.20958210879809"," 691.3292746776632"," 2017-12-03 08:41:50"
"1c:b9:c4:96:04:77"," "," 1"," -85.99999999999999"," 32.10204989920807"," 35.20981699968769"," 691.9252951056196"," 2017-12-03 08:41:53"
"30:e1:71:0f:a2:72"," DIRECT-71-HP DeskJet 3630 series"," 3"," -81.2220697184779"," 32.10201314920573"," 35.20972856511783"," 690.9557848714416"," 2017-12-03 08:41:53"
"1c:b9:c4:96:11:a7"," "," 2"," -87.90913784202375"," 32.10238098950909"," 35.209258389193515"," 702.8754790886982"," 2017-12-03 08:41:53"
"00:1d:aa:81:d8:3c"," KCG-ADSL"," 20"," -77.56594621927619"," 32.10291725551843"," 35.209916640239804"," 702.116966757302"," 2017-12-03 08:41:59"
"c4:12:f5:f6:a0:18"," lab_6.1.3"," 10"," -79.07637018183382"," 32.10299577476145"," 35.21006031758864"," 694.1064976594661"," 2017-12-03 08:41:59"
"1c:b9:c4:16:ee:98"," Ariel_University"," 10"," -82.03928092474851"," 32.102956362379594"," 35.2101755305608"," 693.3648379987368"," 2017-12-03 08:41:59"
"1c:b9:c4:15:3d:68"," Ariel_University"," 7"," -81.6936677600597"," 32.10309587171494"," 35.210157333336426"," 694.0904349206563"," 2017-12-03 08:42:02"
"1c:b9:c4:16:ee:9c"," Ariel_University"," 2"," -85.49415224676834"," 32.10259716125353"," 35.20992068942939"," 696.4473308693133"," 2017-12-03 08:42:02"
"1c:b9:c4:15:3d:6c"," Ariel_University"," 2"," -87.97727566171724"," 32.10264502460317"," 35.209897806241734"," 696.5341776276562"," 2017-12-03 08:42:02"
"1c:b9:c4:14:2c:38"," Ariel_University"," 10"," -82.47892425831627"," 32.1029475513137"," 35.2099102356322"," 694.7581556310139"," 2017-12-03 08:42:02"
"1c:b9:c4:14:30:38"," Ariel_University"," 5"," -76.3111996728561"," 32.10292340039279"," 35.20969559237643"," 700.9384049099173"," 2017-12-03 08:42:05"
"1c:b9:c4:96:ed:37"," "," 2"," -81.39250259297674"," 32.10294447969606"," 35.20968831872878"," 698.1641498759643"," 2017-12-03 08:42:05"
"1c:b9:c4:16:ed:3c"," Ariel_University"," 8"," -82.69073452160157"," 32.10308440108971"," 35.209802058494475"," 703.6232781252894"," 2017-12-03 08:42:05"
"30:e1:71:0f:a2:49"," DIRECT-47-HP DeskJet 3630 series"," 3"," -84.07064157309293"," 32.10263817156114"," 35.20987677611506"," 693.8391299561987"," 2017-12-03 08:42:05"
"1c:b9:c4:12:af:78"," Ariel_University"," 8"," -74.91916947716639"," 32.10315268873086"," 35.209929381457165"," 695.8549108537277"," 2017-12-03 08:42:05"
"1c:b9:c4:12:af:7c"," Ariel_University"," 3"," -81.97773989953303"," 32.102975182256614"," 35.20967918711385"," 697.3000448791336"," 2017-12-03 08:42:05"
"1c:b9:c4:15:ec:38"," Ariel_University"," 5"," -80.09222142441796"," 32.10304055326519"," 35.20981373212277"," 696.0379827520758"," 2017-12-03 08:42:05"
"1c:b9:c4:14:30:3c"," Ariel_University"," 4"," -85.8606374991965"," 32.10298530383412"," 35.20969269755819"," 701.7019225009693"," 2017-12-03 08:42:05"
"3c:52:82:ef:c4:3c"," DIRECT-3B-HP DeskJet 3630 series"," 4"," -70.47294339652045"," 32.1031126587958"," 35.209727130626995"," 698.4515190271774"," 2017-12-03 08:42:08"
"1c:b9:c4:15:ec:3c"," Ariel_University"," 4"," -84.88655583870076"," 32.102966652510524"," 35.20967465253963"," 699.7362750892721"," 2017-12-03 08:42:08"
"1c:b9:c4:95:ec:37"," "," 3"," -83.85798924380929"," 32.10298166965829"," 35.2096776718261"," 699.3847452618824"," 2017-12-03 08:42:08"
"1c:b9:c4:14:2b:88"," Ariel_University"," 5"," -81.30381863378709"," 32.10329390169937"," 35.20991290582502"," 697.8941785167815"," 2017-12-03 08:42:08"
"1c:b9:c4:94:30:37"," "," 2"," -85.42056326640615"," 32.10297855091711"," 35.209689577361985"," 699.0312381494077"," 2017-12-03 08:42:08"
"1c:b9:c4:92:af:77"," "," 2"," -84.44676233811691"," 32.1031242379023"," 35.20963378256423"," 698.5876172610194"," 2017-12-03 08:42:11"
"1c:b9:c4:16:06:bc"," Ariel_University"," 7"," -76.40275585526499"," 32.10366539856664"," 35.21001473018414"," 703.3813108462018"," 2017-12-03 08:42:11"
"1c:b9:c4:16:06:b8"," Ariel_University"," 27"," -78.29580087177423"," 32.103676915627815"," 35.2100826403105"," 703.6814760555382"," 2017-12-03 08:42:14"
"3c:52:82:ef:d4:52"," DIRECT-51-HP DeskJet 3630 series"," 4"," -78.69464808356436"," 32.10360702437692"," 35.20990817770251"," 700.2261390612398"," 2017-12-03 08:42:14"
"1c:b9:c4:15:ed:b8"," IT-MNG"," 3"," -86.10423294217149"," 32.10336183777687"," 35.20975078092387"," 700.4082398392861"," 2017-12-03 08:42:14"
"1c:b9:c4:16:f1:58"," Ariel_University"," 8"," -81.45277195385319"," 32.10335904188248"," 35.20977687793667"," 702.9565051514173"," 2017-12-03 08:42:14"
"1c:b9:c4:96:06:b7"," "," 3"," -75.3519226993081"," 32.103776406029716"," 35.210084306298874"," 706.2198169440264"," 2017-12-03 08:42:17"
"1c:b9:c4:16:e5:a8"," Ariel_University"," 5"," -81.3752950714858"," 32.10360134361631"," 35.21001398704487"," 698.417663761569"," 2017-12-03 08:42:17"
"1c:b9:c4:16:e5:ac"," Ariel_University"," 1"," -88.0"," 32.10360554777893"," 35.20981182556972"," 696.9845369879256"," 2017-12-03 08:42:17"
"c0:4a:00:71:ee:ee"," Onicom"," 2"," -85.42056326640615"," 32.103488096295486"," 35.209807180370774"," 699.2249391711212"," 2017-12-03 08:42:17"
"24:79:2a:2b:bd:8c"," Ariel_University"," 2"," -85.35392605754119"," 32.10379299376427"," 35.21009379786531"," 703.0223738791422"," 2017-12-03 08:42:20"
"24:79:2a:ab:bd:87"," "," 2"," -86.3556119383054"," 32.10379296292741"," 35.2100937127936"," 703.0188089055943"," 2017-12-03 08:42:20"
"1c:b9:c4:16:ed:48"," Ariel_University"," 5"," -84.60943590645999"," 32.10364787662065"," 35.21008034790615"," 700.8670325153143"," 2017-12-03 08:42:20"
"24:79:2a:2b:bd:88"," Ariel_University"," 6"," -82.72478284239247"," 32.10380552805544"," 35.21028359949552"," 700.5189828177944"," 2017-12-03 08:42:23"
"24:79:2a:2c:5c:18"," Ariel_University"," 6"," -76.90881285500008"," 32.103893852500775"," 35.21038790028051"," 701.1705842660216"," 2017-12-03 08:42:23"
"24:79:2a:2b:07:b8"," Ariel_University"," 4"," -84.89762140059257"," 32.10380270114714"," 35.21015452322491"," 702.0523943814188"," 2017-12-03 08:42:23"
"60:e3:27:7b:e0:98"," HelpDesk"," 6"," -86.34041021539251"," 32.10398603715142"," 35.20993136747109"," 698.2275590044244"," 2017-12-03 08:42:23"
"24:79:2a:2b:07:bc"," Ariel_University"," 2"," -88.44916714531878"," 32.10384306889388"," 35.210176057657876"," 702.88736051609"," 2017-12-03 08:42:23"
"3c:52:82:ef:a4:8b"," DIRECT-8A-HP DeskJet 3630 series"," 3"," -84.34364461785327"," 32.10377344097353"," 35.21013482043957"," 699.0985950915649"," 2017-12-03 08:42:26"
"8c:0c:90:2e:e8:18"," Ariel_University"," 5"," -69.9862020050399"," 32.10410891257016"," 35.21078051716717"," 699.1792849525282"," 2017-12-03 08:42:29"
"1c:b9:c4:15:ed:38"," Ariel_University"," 8"," -81.86542920104573"," 32.10414639744716"," 35.210715047245266"," 697.352948618945"," 2017-12-03 08:42:29"
"8c:0c:90:2d:34:38"," Ariel_University"," 4"," -81.52296456700157"," 32.10407820371239"," 35.21069042172931"," 696.4326713867214"," 2017-12-03 08:42:29"
"24:79:2a:2b:24:98"," Ariel_University"," 4"," -84.70631067745666"," 32.1042508100708"," 35.21062416797126"," 694.7682635009743"," 2017-12-03 08:42:32"
"24:79:2a:2c:61:68"," Ariel_University"," 2"," -84.44676233811691"," 32.104047109642735"," 35.21059905198306"," 696.7270599946686"," 2017-12-03 08:42:32"
"24:79:2a:2b:24:9c"," Ariel_University"," 1"," -87.0"," 32.104065424799884"," 35.21056380796895"," 697.5076283965512"," 2017-12-03 08:42:32"
"1c:b9:c4:16:e8:fc"," Ariel_University"," 3"," -82.96297769026594"," 32.10415575294136"," 35.21103695836558"," 696.100390839485"," 2017-12-03 08:42:32"
"1c:b9:c4:15:ed:3c"," Ariel_University"," 2"," -85.21392966882895"," 32.10414685341135"," 35.210800777058985"," 704.4425966317007"," 2017-12-03 08:42:32"
"1c:b9:c4:15:41:7c"," Ariel_University"," 3"," -80.88203321201885"," 32.10416345117808"," 35.2110012459743"," 696.2173923900879"," 2017-12-03 08:42:35"
"1c:b9:c4:16:e8:f8"," Ariel_University"," 12"," -79.14580728036324"," 32.10435411712129"," 35.21091056775143"," 698.0151043980397"," 2017-12-03 08:42:35"
"1c:b9:c4:95:41:77"," "," 2"," -80.19622641509434"," 32.104164383673286"," 35.2108876496702"," 704.5435791796842"," 2017-12-03 08:42:35"
"1c:b9:c4:96:e8:f7"," "," 3"," -84.06801711409906"," 32.104176317427466"," 35.21102625078787"," 700.3305528836255"," 2017-12-03 08:42:35"
"1c:b9:c4:95:ed:37"," "," 1"," -84.99999999999999"," 32.104180210701166"," 35.210971616382466"," 697.8335736441353"," 2017-12-03 08:42:38"
"1c:b9:c4:14:36:fc"," Ariel_University"," 2"," -86.79334916864609"," 32.10423235881814"," 35.2111784466841"," 704.2993113818352"," 2017-12-03 08:42:38"
"1c:b9:c4:94:36:f7"," "," 1"," -89.0"," 32.10421174650141"," 35.211189336085184"," 697.9876832678715"," 2017-12-03 08:42:41"
"ec:8c:a2:88:79:a7"," "," 1"," -83.00000000000001"," 32.10490479074945"," 35.211247446727874"," 697.4311692397619"," 2017-12-03 08:42:59"
"1c:b9:c4:96:05:77"," "," 1"," -90.0"," 32.10490479074945"," 35.211247446727874"," 697.4311692397619"," 2017-12-03 08:42:59"
"00:11:6b:11:7e:0c"," yosh"," 10"," -89.81952028455511"," 32.10466541217537"," 35.21081788597732"," 700.9937878266758"," 2017-12-03 08:42:59"
"1c:b9:c4:16:2b:ec"," Ariel_University"," 1"," -91.00000000000001"," 32.105083845149835"," 35.21105176968496"," 723.7793960780249"," 2017-12-03 08:44:54"
"00:1a:dd:f5:e2:e4"," "," 3"," -89.31321010683399"," 32.10468231924794"," 35.2099254343313"," 710.2256059369854"," 2017-12-03 08:45:00"
"00:1a:dd:f5:e2:e5"," Afikim_Wifi"," 4"," -86.18599926980612"," 32.10477222514299"," 35.21012821479474"," 702.7538803082398"," 2017-12-03 08:45:00"
"08:ed:b9:3d:8f:4b"," HP-Print-4b-LaserJet 400"," 1"," -89.0"," 32.1049280958924"," 35.21028241262848"," 722.9373547253995"," 2017-12-03 08:45:06"
"1c:b9:c4:15:34:bc"," Ariel_University"," 1"," -90.0"," 32.1049280958924"," 35.21028241262848"," 722.9373547253995"," 2017-12-03 08:45:06"
"90:6c:ac:9f:f1:c5"," CliClap"," 2"," -87.90913784202375"," 32.10432787109738"," 35.20944039333655"," 718.4184377798202"," 2017-12-03 08:45:12"
"24:79:2a:ac:5b:d7"," "," 2"," -86.42717935212009"," 32.10444130085198"," 35.20944049214144"," 719.6999289639562"," 2017-12-03 08:45:24"
"b2:6c:ac:9f:f1:c5"," paysday"," 3"," -84.7143866458949"," 32.10439907437414"," 35.209501432834735"," 720.9522612107127"," 2017-12-03 08:45:33"
"1c:b9:c4:96:cc:d7"," "," 1"," -89.0"," 32.10400629568038"," 35.20897410789561"," 716.4196812362657"," 2017-12-03 08:45:33"
"1c:b9:c4:16:1d:7c"," Ariel_University"," 2"," -85.21392966882895"," 32.10380222483328"," 35.20943242378063"," 710.3086401521953"," 2017-12-03 08:45:36"
"8c:0c:90:2f:ca:18"," Ariel_University"," 1"," -87.0"," 32.10386009727099"," 35.20889523702908"," 715.6639357440854"," 2017-12-03 08:45:36"
"00:02:6f:8e:64:67"," "," 2"," -88.44916714531878"," 32.10344907131182"," 35.20923973447798"," 708.5804377769539"," 2017-12-03 08:45:36"
"24:79:2a:2c:3d:68"," Ariel_University"," 3"," -87.89161718525172"," 32.10339539914512"," 35.208784193538825"," 699.0853653836788"," 2017-12-03 08:45:42"
"1c:b9:c4:16:12:e8"," Ariel_University"," 2"," -90.0"," 32.10358120061593"," 35.20879532777539"," 702.3207686528216"," 2017-12-03 08:45:42"
"1c:b9:c4:92:90:b7"," "," 4"," -88.01869709058458"," 32.10307486333363"," 35.20912759493662"," 712.3984014019244"," 2017-12-03 08:45:48"
"8c:0c:90:ad:75:e3"," "," 2"," -83.4068634373676"," 32.10316859783213"," 35.20879221167606"," 703.647382162125"," 2017-12-03 08:45:54"
"1c:b9:c4:94:33:c7"," "," 1"," -83.00000000000001"," 32.10296085254736"," 35.20883419348608"," 714.3703447936505"," 2017-12-03 08:45:57"
"1c:b9:c4:96:f1:47"," "," 2"," -83.00000000000001"," 32.10215532094677"," 35.20926006509077"," 703.3361961164649"," 2017-12-03 08:46:13"
"fc:3f:db:9c:36:3d"," DIRECT-5C-HP DeskJet 3630 series"," 2"," -83.4068634373676"," 32.10206173176159"," 35.20947285980674"," 700.4320999806323"," 2017-12-03 08:46:13"
"1c:b9:c4:15:43:ec"," Ariel_University"," 3"," -87.63088964987323"," 32.102298630301554"," 35.20922609710819"," 706.4003318459148"," 2017-12-03 08:46:19"
"1c:b9:c4:95:3d:67"," "," 1"," -88.0"," 32.10263051540787"," 35.21002970756891"," 712.9572535195944"," 2017-12-03 08:46:31"
"1c:b9:c4:95:1e:67"," "," 1"," -89.0"," 32.10263051540787"," 35.21002970756891"," 712.9572535195944"," 2017-12-03 08:46:31"
"1c:b9:c4:96:ee:97"," "," 1"," -91.00000000000001"," 32.102828942569055"," 35.20990359456348"," 712.964955332782"," 2017-12-03 08:46:34"
"1c:b9:c4:15:1c:bc"," Ariel_University"," 1"," -90.0"," 32.103388164157224"," 35.209780212663475"," 713.0579802632583"," 2017-12-03 08:46:43"
"1c:b9:c4:14:2b:8c"," Ariel_University"," 1"," -90.0"," 32.103388164157224"," 35.209780212663475"," 713.0579802632583"," 2017-12-03 08:46:43"
"70:5a:0f:57:04:17"," DIRECT-B1-HP DeskJet 3830 series"," 1"," -84.0"," 32.10474846"," 35.21005988"," 687.0"," 2017-12-03 08:45:10"
"1c:b9:c4:15:25:4c"," Ariel_University"," 1"," -87.0"," 32.10474846"," 35.21005988"," 687.0"," 2017-12-03 08:45:10"
"8c:0c:90:6f:36:58"," "," 2"," -75.8948096885813"," 32.104693402038414"," 35.20992463410953"," 706.1602376340919"," 2017-12-03 08:45:13"
"a2:6c:ac:a0:60:55"," incentive2"," 2"," -82.97590711175616"," 32.104568792116325"," 35.20969930203204"," 704.3331469531614"," 2017-12-03 08:45:16"
"70:5a:0f:57:42:43"," DIRECT-42-HP DeskJet 3830 series"," 1"," -75.0"," 32.10447804"," 35.20959776"," 687.0"," 2017-12-03 08:45:19"
"b2:6c:ac:a0:18:29"," restore"," 2"," -82.90367039025097"," 32.103787136097495"," 35.20911580024808"," 687.9518351951255"," 2017-12-03 08:45:22"
"90:8d:78:54:6b:4d"," Salomon"," 2"," -87.35725938009789"," 32.10460374739836"," 35.209807565289076"," 701.4256799553584"," 2017-12-03 08:45:22"
"a2:6c:ac:9f:f1:c5"," Guest"," 2"," -77.89750328515112"," 32.10435442695987"," 35.20935854287351"," 703.3204883399741"," 2017-12-03 08:45:28"
"30:e1:71:0d:e0:63"," DIRECT-61-HP DeskJet 3630 series"," 7"," -86.15225504982378"," 32.10343190077942"," 35.209420008212454"," 696.8717534911826"," 2017-12-03 08:45:39"
"7e:ff:30:08:7f:bd"," SETUP"," 1"," -80.0"," 32.10241537"," 35.208865"," 688.0"," 2017-12-03 08:46:06"
"1c:b9:c4:16:04:7c"," Ariel_University"," 3"," -84.14005566621528"," 32.102271738464836"," 35.20927735809509"," 704.3875712040443"," 2017-12-03 08:46:15"
"1c:b9:c4:95:3d:57"," "," 2"," -84.35220037780732"," 32.1020008074778"," 35.20968340420071"," 700.0010789254476"," 2017-12-03 08:46:18"
"84:c9:b2:b7:c8:2d"," Bezeq"," 4"," -86.81129252585703"," 32.10258120582479"," 35.20997250602207"," 698.0276205515277"," 2017-12-03 08:46:24"
"10:0d:7f:7c:90:0a"," Malibu"," 1"," -91.00000000000001"," 32.1020859"," 35.20993739"," 692.0"," 2017-12-03 08:46:24"
"d0:d4:12:68:5b:ca"," klyn"," 1"," -95.0"," 32.1020859"," 35.20993739"," 692.0"," 2017-12-03 08:46:24"
"14:ae:db:4f:50:75"," GuyEmily"," 2"," -87.35725938009789"," 32.10219394918968"," 35.21000358431366"," 700.9890867525717"," 2017-12-03 08:46:27"
"e8:94:f6:d5:98:86"," TP-LINK_D59886"," 1"," -94.0"," 32.10225656"," 35.21001902"," 692.0"," 2017-12-03 08:46:27"
"3c:1e:04:05:5f:f5"," BezeqNGN_009030_2.4GHz_1"," 2"," -93.45188404139743"," 32.10427768945722"," 35.21140688710281"," 701.7264123572375"," 2017-12-03 08:47:15"
"a0:8c:fd:8c:c5:b2"," DIRECT-98-HP DeskJet 3630 series"," 1"," -92.0"," 32.10497406"," 35.2111867"," 696.0"," 2017-12-03 08:49:29"
"30:e1:71:0f:b2:6a"," DIRECT-69-HP DeskJet 3630 series"," 1"," -93.00000000000001"," 32.10497523"," 35.21118447"," 698.0"," 2017-12-03 08:49:32"
"00:1a:dd:f5:df:c5"," Afikim_Wifi"," 2"," -90.91213035606518"," 32.10488210412439"," 35.210373607684296"," 704.0554242419931"," 2017-12-03 08:49:44"
"58:70:c6:fb:96:30"," YICarCam_fb9630"," 1"," -88.0"," 32.10473133"," 35.21000489"," 687.0"," 2017-12-03 08:49:58"
"9c:d2:1e:04:e6:2c"," HP-Print-2c-LaserJet 400 color"," 1"," -91.00000000000001"," 32.10473133"," 35.21000489"," 687.0"," 2017-12-03 08:49:58"
"30:e1:71:0d:e0:67"," DIRECT-66-HP DeskJet 3630 series"," 1"," -83.00000000000001"," 32.10455252"," 35.2096924"," 689.0"," 2017-12-03 08:50:04"
"1c:b9:c4:14:2c:3c"," Ariel_University"," 5"," -81.56047873264427"," 32.10297607611515"," 35.20994729531626"," 696.7128933837492"," 2017-12-03 08:51:11"
"1c:b9:c4:96:2b:e7"," "," 1"," -89.0"," 32.10500618141325"," 35.21121884301277"," 710.7756189683926"," 2017-12-03 08:49:18"
"18:d6:c7:ad:25:1a"," "," 1"," -89.0"," 32.10494482726751"," 35.210446896260514"," 717.6172124232385"," 2017-12-03 08:49:48"
"00:1a:dd:f5:df:c4"," "," 1"," -89.0"," 32.10494482726751"," 35.210446896260514"," 717.6172124232385"," 2017-12-03 08:49:48"
"30:b5:c2:b8:40:36"," "," 1"," -91.00000000000001"," 32.10494482726751"," 35.210446896260514"," 717.6172124232385"," 2017-12-03 08:49:48"
"1c:b9:c4:96:1d:77"," "," 1"," -84.99999999999999"," 32.10377001820289"," 35.20885655710274"," 710.364346402885"," 2017-12-03 08:50:20"
"1c:b9:c4:94:2f:67"," "," 1"," -84.0"," 32.10293474085022"," 35.20878314332855"," 707.5299710413922"," 2017-12-03 08:50:36"
"1c:b9:c4:96:f1:57"," "," 2"," -85.21392966882895"," 32.103260452095796"," 35.20974024367279"," 703.9055825038959"," 2017-12-03 08:51:21"
"1c:b9:c4:16:f1:5c"," Ariel_University"," 3"," -82.09109900835963"," 32.1033105561659"," 35.20975755219821"," 703.941478824367"," 2017-12-03 08:51:21"
"24:79:2a:2c:5c:1c"," Ariel_University"," 2"," -81.48207636708769"," 32.103807998636846"," 35.21015332723746"," 707.2625708373013"," 2017-12-03 08:51:30"
"24:79:2a:ac:5c:17"," "," 1"," -91.00000000000001"," 32.103986543611605"," 35.21044402294606"," 705.1048860032018"," 2017-12-03 08:51:36"
"24:79:2a:ab:24:97"," "," 1"," -85.99999999999999"," 32.10406637837736"," 35.21063207786472"," 704.8039142370221"," 2017-12-03 08:51:39"
"c8:be:19:07:77:b9"," Bezeq-N_0777b8"," 1"," -88.0"," 32.10413712623305"," 35.21082446017363"," 704.7212452331758"," 2017-12-03 08:51:42"
"24:79:2a:2c:61:6c"," Ariel_University"," 1"," -92.0"," 32.10413712623305"," 35.210824460173626"," 704.7212452331758"," 2017-12-03 08:51:42"
"1c:b9:c4:95:36:97"," "," 1"," -85.99999999999999"," 32.105028069933155"," 35.210961717985285"," 733.9581295039463"," 2017-12-03 08:53:26"
"24:c9:a1:36:52:d8"," Ariel_University"," 1"," -90.0"," 32.10481856308317"," 35.210123150849206"," 726.1049342872047"," 2017-12-03 08:53:41"
"90:6c:ac:a0:7b:55"," EVE"," 1"," -72.99999999999999"," 32.10465583147739"," 35.209799109729424"," 721.9074685803262"," 2017-12-03 08:53:47"
"90:6c:ac:a0:60:55"," Guest"," 1"," -82.0"," 32.10465583147739"," 35.209799109729424"," 721.9074685803262"," 2017-12-03 08:53:47"
"1c:b9:c4:94:2c:37"," "," 3"," -80.30039164291918"," 32.10273247579181"," 35.209859359412114"," 700.6765495004639"," 2017-12-03 08:55:05"
"c0:bd:d1:d5:8c:55"," AndroidAP"," 2"," -80.0"," 32.10312597"," 35.20921578"," 696.5"," 2017-12-03 08:57:58"
"e4:95:6e:40:87:1a"," OOP_course"," 1"," -20.0"," 32.10300921"," 35.2096084"," 701.0"," 2017-12-03 09:01:13"
"24:79:2a:2b:02:78"," Ariel_University"," 1"," -80.0"," 32.10381301"," 35.21016707"," 708.0"," 2017-12-03 09:06:35"
"1c:b9:c4:15:ed:bc"," IT-MNG"," 1"," -84.99999999999999"," 32.1034255"," 35.20978696"," 702.0"," 2017-12-03 09:07:13"
